name,HEX
Green beige,#REF!
Beige,#REF!
Sand yellow,#REF!
Signal yellow,#REF!
Golden yellow,#REF!
Honey yellow,#REF!
Maize yellow,#REF!
Daffodil yellow,#REF!
Brown beige,#REF!
Lemon yellow,#REF!
Oyster white,#REF!
Ivory,#REF!
Light ivory,#REF!
Sulfur yellow,#REF!
Saffron yellow,#REF!
Zinc yellow,#REF!
Grey beige,#REF!
Olive yellow,#REF!
Rape yellow,#REF!
Traffic yellow,#REF!
Ochre yellow,#REF!
Luminous yellow,#REF!
Curry,#REF!
Melon yellow,#REF!
Broom yellow,#REF!
Dahlia yellow,#REF!
Pastel yellow,#REF!
Pearl beige,#REF!
Pearl gold,#REF!
Sun yellow,#REF!
Yellow orange,#REF!
Red orange,#REF!
Vermilion,#REF!
Pastel orange,#REF!
Pure orange,#REF!
Luminous orange,#REF!
Luminous bright orange,#REF!
Bright red orange,#REF!
Traffic orange,#REF!
Signal orange,#REF!
Deep orange,#REF!
Salmon range,#REF!
Pearl orange,#REF!
Flame red,#REF!
Signal red,#REF!
Carmine red,#REF!
Ruby red,#REF!
Purple red,#REF!
Wine red,#REF!
Black red,#REF!
Oxide red,#REF!
Brown red,#REF!
Beige red,#REF!
Tomato red,#REF!
Antique pink,#REF!
Light pink,#REF!
Coral red,#REF!
Rose,#REF!
Strawberry red,#REF!
Traffic red,#REF!
Salmon pink,#REF!
Luminous red,#REF!
Luminous bright red,#REF!
Raspberry red,#REF!
Pure  red,#REF!
Orient red,#REF!
Pearl ruby red,#REF!
Pearl pink,#REF!
Red lilac,#REF!
Red violet,#REF!
Heather violet,#REF!
Claret violet,#REF!
Blue lilac,#REF!
Traffic purple,#REF!
Purple violet,#REF!
Signal violet,#REF!
Pastel violet,#REF!
Telemagenta,#REF!
Pearl violet,#REF!
Pearl black berry,#REF!
Violet blue,#REF!
Green blue,#REF!
Ultramarine blue,#REF!
Saphire blue,#REF!
Black blue,#REF!
Signal blue,#REF!
Brillant blue,#REF!
Grey blue,#REF!
Azure blue,#REF!
Gentian blue,#REF!
Steel blue,#REF!
Light blue,#REF!
Cobalt blue,#REF!
Pigeon blue,#REF!
Sky blue,#REF!
Traffic blue,#REF!
Turquoise blue,#REF!
Capri blue,#REF!
Ocean blue,#REF!
Water blue,#REF!
Night blue,#REF!
Distant blue,#REF!
Pastel blue,#REF!
Pearl gentian blue,#REF!
Pearl night blue,#REF!
Patina green,#REF!
Emerald green,#REF!
Leaf green,#REF!
Olive green,#REF!
Blue green,#REF!
Moss green,#REF!
Grey olive,#REF!
Bottle green,#REF!
Brown green,#REF!
Fir green,#REF!
Grass green,#REF!
Reseda green,#REF!
Black green,#REF!
Reed green,#REF!
Yellow olive,#REF!
Black olive,#REF!
Turquoise green,#REF!
May green,#REF!
Yellow green,#REF!
Pastel green,#REF!
Chrome green,#REF!
Pale green,#REF!
Olive drab,#REF!
Traffic green,#REF!
Fern green,#REF!
Opal green,#REF!
Light green,#REF!
Pine green,#REF!
Mint green,#REF!
Signal green,#REF!
Mint turquoise,#REF!
Pastel turquoise,#REF!
Pearl green,#REF!
Pearl opal green,#REF!
Pure green,#REF!
Luminous green,#REF!
Squirrel grey,#REF!
Silver grey,#REF!
Olive grey,#REF!
Moss grey,#REF!
Signal grey,#REF!
Mouse grey,#REF!
Beige grey,#REF!
Khaki grey,#REF!
Green grey,#REF!
Tarpaulin grey,#REF!
Iron grey,#REF!
Basalt grey,#REF!
Brown grey,#REF!
Slate grey,#REF!
Anthracite grey,#REF!
Black grey,#REF!
Umbra grey,#REF!
Concrete grey,#REF!
Graphite grey,#REF!
Granite grey,#REF!
Stone grey,#REF!
Blue grey,#REF!
Pebble grey,#REF!
Cement grey,#REF!
Yellow grey,#REF!
Light grey,#REF!
Platinum grey,#REF!
Dusty grey,#REF!
Agate grey,#REF!
Quartz grey,#REF!
Window grey,#REF!
Traffic grey A,#REF!
Traffic grey B,#REF!
Silk grey,#REF!
Telegrey 1,#REF!
Telegrey 2,#REF!
Telegrey 4,#REF!
Pearl mouse grey,#REF!
Green brown,#REF!
Ochre brown,#REF!
Signal brown,#REF!
Clay brown,#REF!
Copper brown,#REF!
Fawn brown,#REF!
Olive brown,#REF!
Nut brown,#REF!
Red brown,#REF!
Sepia brown,#REF!
Chestnut brown,#REF!
Mahogany brown,#REF!
Chocolate brown,#REF!
Grey brown,#REF!
Black brown,#REF!
Orange brown,#REF!
Beige brown,#REF!
Pale brown,#REF!
Terra brown,#REF!
Pearl copper,#REF!
Cream,#REF!
Grey white,#REF!
Signal white,#REF!
Signal black,#REF!
Jet black,#REF!
White aluminium,#REF!
Grey aluminium,#REF!
Pure white,#REF!
Graphite black,#REF!
Traffic white,#REF!
Traffic black,#REF!
Papyrus white,#REF!
Pearl light grey,#REF!
Pearl dark grey,#REF!
